{
  "cli": {
    "version": ">= 5.9.0"
  },
  "build": {
    "development": {
      "developmentClient": true,
      "distribution": "internal"
    },
    "preview": {
      "distribution": "internal",
      "android": {
        "buildType": "apk"
      }
    },
    "production": {
      "autoIncrement": true,
      "android": {
        "buildType": "aab"
      }
    }
  },
  "submit": {
    "production": {
      "android": {
        "serviceAccountKeyPath": "./secrets/google-play-service-account.json",
        "track": "internal"
      },
      "ios": {
        "appleId": "your-apple-id@example.com",
        "ascAppId": "1234567890",
        "appleTeamId": "ABCDEFGHIJ"
      }
    }
  }
}