{
  "name": "manufacturing-erp-mobile",
  "version": "1.0.0",
  "main": "expo-router/entry",
  "scripts": {
    "start": "expo start",
    "android": "expo start --android",
    "ios": "expo start --ios",
    "web": "expo start --web",
    "build:android": "eas build --platform android",
    "build:ios": "eas build --platform ios",
    "build:all": "eas build --platform all",
    "submit:android": "eas submit --platform android",
    "submit:ios": "eas submit --platform ios",
    "preview": "expo start --tunnel",
    "eject": "expo eject"
  },
  "dependencies": {
    "expo": "~50.0.0",
    "expo-router": "~3.4.0",
    "expo-constants": "~15.4.0",
    "expo-linking": "~6.2.0",
    "expo-status-bar": "~1.11.0",
    "expo-splash-screen": "~0.26.0",
    "expo-camera": "~14.1.0",
    "expo-barcode-scanner": "~12.9.0",
    "expo-file-system": "~16.0.0",
    "expo-sharing": "~11.10.0",
    "expo-secure-store": "~12.8.0",
    "expo-network": "~5.8.0",
    "expo-device": "~5.9.0",
    "react": "18.2.0",
    "react-native": "0.73.6",
    "react-native-safe-area-context": "4.8.2",
    "react-native-screens": "~3.29.0",
    "@react-navigation/native": "^6.1.0",
    "@react-navigation/stack": "^6.3.0",
    "@tanstack/react-query": "^5.0.0",
    "react-hook-form": "^7.48.0",
    "zod": "^3.22.0",
    "@hookform/resolvers": "^3.3.0",
    "lucide-react-native": "^0.300.0",
    "react-native-svg": "14.1.0",
    "react-native-gesture-handler": "~2.14.0",
    "react-native-reanimated": "~3.6.2"
  },
  "devDependencies": {
    "@babel/core": "^7.20.0",
    "@types/react": "~18.2.45",
    "@types/react-native": "^0.72.0",
    "typescript": "^5.1.3"
  },
  "private": true
}